id,habit_id,date,completed,created_at
bda2a7de-5636-4c4a-b1fe-a1363e148912,d9bad7a9-c1a2-4d1a-aab8-1db6d6b3bab1,2026-01-01,True,2026-03-22T13:18:47.912776+00:00
e34d45bc-2524-4183-8c65-5e808e6e1121,d9bad7a9-c1a2-4d1a-aab8-1db6d6b3bab1,2026-01-02,True,2026-03-22T13:18:47.912783+00:00
96cf5806-edbc-49c2-befb-c32c2e98fcb8,d9bad7a9-c1a2-4d1a-aab8-1db6d6b3bab1,2026-01-04,True,2026-03-22T13:18:47.912789+00:00
d00e7086-6ecf-4524-8efb-5ad11caf3ba9,d9bad7a9-c1a2-4d1a-aab8-1db6d6b3bab1,2026-01-05,True,2026-03-22T13:18:47.912794+00:00
4f733df2-5ad3-44f1-b5b6-8d8cf9a300cb,d9bad7a9-c1a2-4d1a-aab8-1db6d6b3bab1,2026-01-06,True,2026-03-22T13:18:47.912800+00:00
5296a489-ab1c-404d-8e88-701594e5138f,d9bad7a9-c1a2-4d1a-aab8-1db6d6b3bab1,2026-01-07,True,2026-03-22T13:18:47.912805+00:00
b13aa959-c247-4a27-8dcd-06a1458c3865,d9bad7a9-c1a2-4d1a-aab8-1db6d6b3bab1,2026-01-08,True,2026-03-22T13:18:47.912811+00:00
95f7e60f-a7d7-48c8-83f1-628924c595ed,d9bad7a9-c1a2-4d1a-aab8-1db6d6b3bab1,2026-01-09,True,2026-03-22T13:18:47.912816+00:00
4a064a49-2c56-4021-973d-9b1a512b5451,d9bad7a9-c1a2-4d1a-aab8-1db6d6b3bab1,2026-01-11,True,2026-03-22T13:18:47.912822+00:00
e65c07f1-1d8b-4aeb-b1f5-49233b77e3eb,d9bad7a9-c1a2-4d1a-aab8-1db6d6b3bab1,2026-01-12,True,2026-03-22T13:18:47.912828+00:00
974dd972-3bcb-4304-aa49-b9fa84e477da,d9bad7a9-c1a2-4d1a-aab8-1db6d6b3bab1,2026-01-14,True,2026-03-22T13:18:47.912834+00:00
7b336cce-372a-4e56-868b-5d14fd284e25,d9bad7a9-c1a2-4d1a-aab8-1db6d6b3bab1,2026-01-15,True,2026-03-22T13:18:47.912841+00:00
602f1384-7ac7-4ddd-ba77-aa12a8f38a05,d9bad7a9-c1a2-4d1a-aab8-1db6d6b3bab1,2026-01-16,True,2026-03-22T13:18:47.912846+00:00
f63d38c7-f557-4f85-8510-0d2962bc88f9,d9bad7a9-c1a2-4d1a-aab8-1db6d6b3bab1,2026-01-18,True,2026-03-22T13:18:47.912852+00:00
67f2458c-d02b-4f20-89a5-da3800facf16,d9bad7a9-c1a2-4d1a-aab8-1db6d6b3bab1,2026-01-19,True,2026-03-22T13:18:47.912857+00:00
35ff8d7e-277e-4496-ba79-b79845b31fed,d9bad7a9-c1a2-4d1a-aab8-1db6d6b3bab1,2026-01-20,True,2026-03-22T13:18:47.912862+00:00
c3cd9abc-a704-4261-a888-3d70ab6a534c,d9bad7a9-c1a2-4d1a-aab8-1db6d6b3bab1,2026-01-21,True,2026-03-22T13:18:47.912868+00:00
4572c85e-3a71-4317-bdac-b30f3e52fc23,d9bad7a9-c1a2-4d1a-aab8-1db6d6b3bab1,2026-01-22,True,2026-03-22T13:18:47.912873+00:00
e5137461-fbb8-4d87-a0bb-950d773af039,d9bad7a9-c1a2-4d1a-aab8-1db6d6b3bab1,2026-01-23,True,2026-03-22T13:18:47.912879+00:00
04d8caa2-49cf-451c-88bc-245d055e66d9,d9bad7a9-c1a2-4d1a-aab8-1db6d6b3bab1,2026-01-25,True,2026-03-22T13:18:47.912884+00:00
f4a6e7da-3b77-4832-9771-411b9ebfa632,d9bad7a9-c1a2-4d1a-aab8-1db6d6b3bab1,2026-01-27,True,2026-03-22T13:18:47.912890+00:00
25da4086-9d85-4ab1-966e-b28e5688f18a,d9bad7a9-c1a2-4d1a-aab8-1db6d6b3bab1,2026-01-29,True,2026-03-22T13:18:47.912896+00:00
52cf3cc8-67c2-4bf0-8077-e73dc285ad8b,d9bad7a9-c1a2-4d1a-aab8-1db6d6b3bab1,2026-01-31,True,2026-03-22T13:18:47.912901+00:00
5a27cae2-9265-4221-bb77-9f3b8e03757b,d9bad7a9-c1a2-4d1a-aab8-1db6d6b3bab1,2026-02-01,True,2026-03-22T13:18:47.912906+00:00
007bb843-1b9f-480d-b6a4-24d2ac40375f,d9bad7a9-c1a2-4d1a-aab8-1db6d6b3bab1,2026-02-04,True,2026-03-22T13:18:47.912912+00:00
43fc7644-9da8-4a56-9fe6-dfcb0bd45fcc,d9bad7a9-c1a2-4d1a-aab8-1db6d6b3bab1,2026-02-06,True,2026-03-22T13:18:47.912918+00:00
53bbd117-b90b-4603-9a80-3d88d8fac020,d9bad7a9-c1a2-4d1a-aab8-1db6d6b3bab1,2026-02-07,True,2026-03-22T13:18:47.912925+00:00
4300aa1b-b7dc-4254-891e-c946ffe4b73d,d9bad7a9-c1a2-4d1a-aab8-1db6d6b3bab1,2026-02-09,True,2026-03-22T13:18:47.912931+00:00
7d72edf6-9484-4a0f-8b70-ab9d1ef8b9fe,d9bad7a9-c1a2-4d1a-aab8-1db6d6b3bab1,2026-02-10,True,2026-03-22T13:18:47.912936+00:00
75f86eb8-4a5f-4ab1-a525-dff91704a8cb,d9bad7a9-c1a2-4d1a-aab8-1db6d6b3bab1,2026-02-11,True,2026-03-22T13:18:47.912942+00:00
32beae38-463c-4759-b010-1c0a0caf26b8,d9bad7a9-c1a2-4d1a-aab8-1db6d6b3bab1,2026-02-13,True,2026-03-22T13:18:47.912948+00:00
9bba0052-7b87-4f35-bf83-989293732f8b,d9bad7a9-c1a2-4d1a-aab8-1db6d6b3bab1,2026-02-14,True,2026-03-22T13:18:47.912953+00:00
7a4c2f36-6ef1-4d14-a5d6-19a5809ac0a8,d9bad7a9-c1a2-4d1a-aab8-1db6d6b3bab1,2026-02-15,True,2026-03-22T13:18:47.912960+00:00
41eee63a-ccfa-4314-bbf2-6ced3c230d90,d9bad7a9-c1a2-4d1a-aab8-1db6d6b3bab1,2026-02-16,True,2026-03-22T13:18:47.912966+00:00
f0fecc29-54bb-4d5f-8a46-1051833fe49f,d9bad7a9-c1a2-4d1a-aab8-1db6d6b3bab1,2026-02-18,True,2026-03-22T13:18:47.912971+00:00
5f85b631-5115-4514-93ff-b04b9e472fc7,d9bad7a9-c1a2-4d1a-aab8-1db6d6b3bab1,2026-02-19,True,2026-03-22T13:18:47.912977+00:00
4c9d1d09-1cb2-4c0d-806b-ba3ca0dff3a8,d9bad7a9-c1a2-4d1a-aab8-1db6d6b3bab1,2026-02-21,True,2026-03-22T13:18:47.912982+00:00
9badc09c-cc2c-4590-8447-b7ae361cb893,d9bad7a9-c1a2-4d1a-aab8-1db6d6b3bab1,2026-02-22,True,2026-03-22T13:18:47.912988+00:00
c4a796fa-ee75-4e82-beae-d04bd151bc0d,d9bad7a9-c1a2-4d1a-aab8-1db6d6b3bab1,2026-02-23,True,2026-03-22T13:18:47.912993+00:00
a7e993a2-dc8d-4c1b-8f15-055ce49cf0c4,d9bad7a9-c1a2-4d1a-aab8-1db6d6b3bab1,2026-02-24,True,2026-03-22T13:18:47.912999+00:00
8da31a00-233a-4bef-a9b5-42c76f81dfad,d9bad7a9-c1a2-4d1a-aab8-1db6d6b3bab1,2026-02-25,True,2026-03-22T13:18:47.913004+00:00
ee943be9-b5bd-419b-b6e1-c409722c9f62,d9bad7a9-c1a2-4d1a-aab8-1db6d6b3bab1,2026-02-26,True,2026-03-22T13:18:47.913010+00:00
991f64f2-72ed-4908-b268-305912529aca,d9bad7a9-c1a2-4d1a-aab8-1db6d6b3bab1,2026-02-28,True,2026-03-22T13:18:47.913015+00:00
cc637c0a-d98f-40d6-9617-087f4a8e8a4c,d9bad7a9-c1a2-4d1a-aab8-1db6d6b3bab1,2026-03-02,True,2026-03-22T13:18:47.913021+00:00
ab940ab9-e71d-4bfd-89e5-6686eefca944,d9bad7a9-c1a2-4d1a-aab8-1db6d6b3bab1,2026-03-03,True,2026-03-22T13:18:47.913027+00:00
4563746c-1b09-406b-aa4f-03e1bbacfc6b,d9bad7a9-c1a2-4d1a-aab8-1db6d6b3bab1,2026-03-08,True,2026-03-22T13:18:47.913034+00:00
818621eb-a17a-4f6a-9ec3-098cf6e37009,d9bad7a9-c1a2-4d1a-aab8-1db6d6b3bab1,2026-03-09,True,2026-03-22T13:18:47.913040+00:00
ff86e966-ae78-474a-a689-45a08ab2c97c,d9bad7a9-c1a2-4d1a-aab8-1db6d6b3bab1,2026-03-11,True,2026-03-22T13:18:47.913049+00:00
e5ad2af6-bc8e-428e-83db-e85febed4405,d9bad7a9-c1a2-4d1a-aab8-1db6d6b3bab1,2026-03-12,True,2026-03-22T13:18:47.913055+00:00
9f74a0b6-55c1-47ef-bd84-8f3e61741e03,d9bad7a9-c1a2-4d1a-aab8-1db6d6b3bab1,2026-03-13,True,2026-03-22T13:18:47.913060+00:00
4cbf8114-a69b-4986-bd5e-4fb1db127425,d9bad7a9-c1a2-4d1a-aab8-1db6d6b3bab1,2026-03-15,True,2026-03-22T13:18:47.913066+00:00
ab7eea27-fb47-4f78-9b40-0fe42e16d856,d9bad7a9-c1a2-4d1a-aab8-1db6d6b3bab1,2026-03-16,True,2026-03-22T13:18:47.913072+00:00
04df8462-3a37-43e8-abe5-e179d25164a3,d9bad7a9-c1a2-4d1a-aab8-1db6d6b3bab1,2026-03-20,True,2026-03-22T13:18:47.913078+00:00
711f3909-a9fa-46a3-8a98-94de00c2ca64,d9bad7a9-c1a2-4d1a-aab8-1db6d6b3bab1,2026-03-21,True,2026-03-22T13:18:47.913083+00:00
79cc482e-d569-4bec-b622-40fee0b47c8d,07045997-c1ad-4542-921b-950ab12bf9da,2026-01-02,True,2026-03-22T13:18:47.913089+00:00
c055f2f4-ba69-43f3-a4dc-14e55844571e,07045997-c1ad-4542-921b-950ab12bf9da,2026-01-04,True,2026-03-22T13:18:47.913095+00:00
0b4056cf-ccd2-4618-91d6-ce003b5641fc,07045997-c1ad-4542-921b-950ab12bf9da,2026-01-05,True,2026-03-22T13:18:47.913100+00:00
226b4153-af07-476f-be1f-c1a7cee4b038,07045997-c1ad-4542-921b-950ab12bf9da,2026-01-06,True,2026-03-22T13:18:47.913106+00:00
e379d222-880e-49be-b394-c87a6fdf4bf3,07045997-c1ad-4542-921b-950ab12bf9da,2026-01-08,True,2026-03-22T13:18:47.913111+00:00
9f8d450b-b2fa-459c-9879-ad3f78a77ead,07045997-c1ad-4542-921b-950ab12bf9da,2026-01-09,True,2026-03-22T13:18:47.913117+00:00
6ab5184d-589e-497e-a79f-cd461207277f,07045997-c1ad-4542-921b-950ab12bf9da,2026-01-10,True,2026-03-22T13:18:47.913122+00:00
55ae0a70-a8e0-4570-9e91-9ed39616a765,07045997-c1ad-4542-921b-950ab12bf9da,2026-01-11,True,2026-03-22T13:18:47.913127+00:00
5f3a1464-8232-415d-8806-a156c7b9f582,07045997-c1ad-4542-921b-950ab12bf9da,2026-01-12,True,2026-03-22T13:18:47.913133+00:00
d480e607-a337-4d22-a112-55539bf7d220,07045997-c1ad-4542-921b-950ab12bf9da,2026-01-13,True,2026-03-22T13:18:47.913138+00:00
b52e19ac-6b44-4d10-9010-e95b6f70837a,07045997-c1ad-4542-921b-950ab12bf9da,2026-01-14,True,2026-03-22T13:18:47.913143+00:00
cd3fa6e8-ee20-4789-9028-a89c20004cc7,07045997-c1ad-4542-921b-950ab12bf9da,2026-01-16,True,2026-03-22T13:18:47.913149+00:00
dc3e8210-0f73-497e-ba53-d083f7d4c67a,07045997-c1ad-4542-921b-950ab12bf9da,2026-01-17,True,2026-03-22T13:18:47.913154+00:00
2a8c15b5-5737-4e87-8e93-a7b0112192db,07045997-c1ad-4542-921b-950ab12bf9da,2026-01-19,True,2026-03-22T13:18:47.913159+00:00
f2c2f898-f7de-475a-8c55-2a2b9cd3925c,07045997-c1ad-4542-921b-950ab12bf9da,2026-01-20,True,2026-03-22T13:18:47.913165+00:00
b50baae4-3d31-4f69-a721-a635e8163d4f,07045997-c1ad-4542-921b-950ab12bf9da,2026-01-21,True,2026-03-22T13:18:47.913170+00:00
0a55ccde-fac5-48ac-83af-bba608f58e8c,07045997-c1ad-4542-921b-950ab12bf9da,2026-01-22,True,2026-03-22T13:18:47.913175+00:00
046c11d7-6720-473d-a1a0-96eba0a3d354,07045997-c1ad-4542-921b-950ab12bf9da,2026-01-23,True,2026-03-22T13:18:47.913181+00:00
96579d5b-7fab-4453-906f-0689a30bdd7d,07045997-c1ad-4542-921b-950ab12bf9da,2026-01-25,True,2026-03-22T13:18:47.913188+00:00
d46d7a2a-4ce4-4725-935b-bc6b454c351d,07045997-c1ad-4542-921b-950ab12bf9da,2026-01-26,True,2026-03-22T13:18:47.913193+00:00
5a2ab227-6a73-49e0-a99d-0a25d86e94c5,07045997-c1ad-4542-921b-950ab12bf9da,2026-01-27,True,2026-03-22T13:18:47.913198+00:00
d525dcd6-29b1-4954-ae0b-2093304646e6,07045997-c1ad-4542-921b-950ab12bf9da,2026-01-28,True,2026-03-22T13:18:47.913204+00:00
62bb460d-1316-4cd2-a444-867131982d39,07045997-c1ad-4542-921b-950ab12bf9da,2026-01-29,True,2026-03-22T13:18:47.913211+00:00
f8d15d7a-6b29-44ac-8157-ce41565a5e09,07045997-c1ad-4542-921b-950ab12bf9da,2026-01-30,True,2026-03-22T13:18:47.913217+00:00
8ffa7faa-5cc7-4b0e-b82a-8e5d48a73408,07045997-c1ad-4542-921b-950ab12bf9da,2026-01-31,True,2026-03-22T13:18:47.913224+00:00
ba8c71ca-e8b7-4b10-8c7c-0a01a0a050bd,07045997-c1ad-4542-921b-950ab12bf9da,2026-02-01,True,2026-03-22T13:18:47.913229+00:00
271f7de0-2136-49b6-81a6-5ee5b964cb43,07045997-c1ad-4542-921b-950ab12bf9da,2026-02-02,True,2026-03-22T13:18:47.913234+00:00
c67ff660-fa38-4a36-90de-9cdcd259ae02,07045997-c1ad-4542-921b-950ab12bf9da,2026-02-03,True,2026-03-22T13:18:47.913240+00:00
7d7fbfd1-e9ca-4063-ac8e-b5f814b4179c,07045997-c1ad-4542-921b-950ab12bf9da,2026-02-04,True,2026-03-22T13:18:47.913245+00:00
5536e773-fa5d-459b-97d7-2b5aa1100b27,07045997-c1ad-4542-921b-950ab12bf9da,2026-02-05,True,2026-03-22T13:18:47.913251+00:00
3f4e04e3-0cdd-42e0-869a-2009a9abd40e,07045997-c1ad-4542-921b-950ab12bf9da,2026-02-06,True,2026-03-22T13:18:47.913256+00:00
e194118b-7082-4555-8477-14b5694a191a,07045997-c1ad-4542-921b-950ab12bf9da,2026-02-07,True,2026-03-22T13:18:47.913261+00:00
29183a0f-3122-48a9-9968-785ea6d33fb5,07045997-c1ad-4542-921b-950ab12bf9da,2026-02-10,True,2026-03-22T13:18:47.913267+00:00
ff4f1a24-73a6-4582-b1eb-da52e67b2e6e,07045997-c1ad-4542-921b-950ab12bf9da,2026-02-11,True,2026-03-22T13:18:47.913272+00:00
719a2b12-38b4-4ef9-ae41-b727ec8c40e8,07045997-c1ad-4542-921b-950ab12bf9da,2026-02-12,True,2026-03-22T13:18:47.913277+00:00
d4ad9193-d6ae-41bb-b5b4-23916ec4f518,07045997-c1ad-4542-921b-950ab12bf9da,2026-02-13,True,2026-03-22T13:18:47.913283+00:00
92a19d6b-bcfb-4197-91e9-c5112d676c97,07045997-c1ad-4542-921b-950ab12bf9da,2026-02-15,True,2026-03-22T13:18:47.913288+00:00
448a41f1-f738-4e06-a349-a843fb297b5c,07045997-c1ad-4542-921b-950ab12bf9da,2026-02-17,True,2026-03-22T13:18:47.913294+00:00
7daaa8c9-ef82-4bbd-9f5e-93ebbc9fb73f,07045997-c1ad-4542-921b-950ab12bf9da,2026-02-18,True,2026-03-22T13:18:47.913299+00:00
871b0ce8-f8af-43dd-8c90-676e94338a29,07045997-c1ad-4542-921b-950ab12bf9da,2026-02-19,True,2026-03-22T13:18:47.913304+00:00
cfaf9c25-391a-4c4a-9c72-2dfb97046f57,07045997-c1ad-4542-921b-950ab12bf9da,2026-02-20,True,2026-03-22T13:18:47.913311+00:00
f8bb5194-c0d0-4973-9f49-2b369f8e68a4,07045997-c1ad-4542-921b-950ab12bf9da,2026-02-21,True,2026-03-22T13:18:47.913317+00:00
2d61fb43-0749-4327-9ee8-f22baa1cd481,07045997-c1ad-4542-921b-950ab12bf9da,2026-02-22,True,2026-03-22T13:18:47.913322+00:00
f6e1a9dc-e1b3-49a1-a1d1-c499dc979bb4,07045997-c1ad-4542-921b-950ab12bf9da,2026-02-25,True,2026-03-22T13:18:47.913328+00:00
7dc6cac4-9789-40d9-bc77-8734363eaf5e,07045997-c1ad-4542-921b-950ab12bf9da,2026-02-26,True,2026-03-22T13:18:47.913333+00:00
13ed7c3c-d194-4f39-b538-cd50e83c704c,07045997-c1ad-4542-921b-950ab12bf9da,2026-03-01,True,2026-03-22T13:18:47.913339+00:00
bbf226ef-6e60-468a-9dc8-3aa51387df68,07045997-c1ad-4542-921b-950ab12bf9da,2026-03-02,True,2026-03-22T13:18:47.913344+00:00
8a24093d-b7b3-4642-855e-4f5f57a3c338,07045997-c1ad-4542-921b-950ab12bf9da,2026-03-03,True,2026-03-22T13:18:47.913349+00:00
f29afb2e-bc8c-4230-bb9e-d9acd8ba84e4,07045997-c1ad-4542-921b-950ab12bf9da,2026-03-04,True,2026-03-22T13:18:47.913355+00:00
ccf1beda-1cb7-4713-a5b6-b965e243db81,07045997-c1ad-4542-921b-950ab12bf9da,2026-03-05,True,2026-03-22T13:18:47.913360+00:00
d3584c39-ccf1-4537-ba1f-93feb8e7b9f9,07045997-c1ad-4542-921b-950ab12bf9da,2026-03-06,True,2026-03-22T13:18:47.913365+00:00
53490c06-c7f0-443f-9da2-2aaaa178ddb1,07045997-c1ad-4542-921b-950ab12bf9da,2026-03-07,True,2026-03-22T13:18:47.913371+00:00
4be78220-d1ba-4144-9536-49d79ec76a6c,07045997-c1ad-4542-921b-950ab12bf9da,2026-03-08,True,2026-03-22T13:18:47.913376+00:00
e27ec145-e23e-4c46-a88f-09b174e15407,07045997-c1ad-4542-921b-950ab12bf9da,2026-03-09,True,2026-03-22T13:18:47.913383+00:00
b000599e-0a30-41ca-b722-fbfa0a60902e,07045997-c1ad-4542-921b-950ab12bf9da,2026-03-10,True,2026-03-22T13:18:47.913389+00:00
dddd348a-a0af-40c1-9a33-f742f3d24774,07045997-c1ad-4542-921b-950ab12bf9da,2026-03-11,True,2026-03-22T13:18:47.913395+00:00
013e9a7f-a267-4480-a7b3-03a98eb2867c,07045997-c1ad-4542-921b-950ab12bf9da,2026-03-12,True,2026-03-22T13:18:47.913400+00:00
1c0b5d7e-29ff-4851-8ce3-7091b41f62bb,07045997-c1ad-4542-921b-950ab12bf9da,2026-03-13,True,2026-03-22T13:18:47.913406+00:00
4f6f996b-c715-4ee8-a007-ebfba6319691,07045997-c1ad-4542-921b-950ab12bf9da,2026-03-14,True,2026-03-22T13:18:47.913411+00:00
ce7fdf4f-32ad-4d9d-9ff5-559864d60dc8,07045997-c1ad-4542-921b-950ab12bf9da,2026-03-15,True,2026-03-22T13:18:47.913416+00:00
5c19115c-130e-4f13-b111-e0b7de938cd3,07045997-c1ad-4542-921b-950ab12bf9da,2026-03-16,True,2026-03-22T13:18:47.913495+00:00
51fe972a-ad3f-4792-a8fd-ca6339476db4,07045997-c1ad-4542-921b-950ab12bf9da,2026-03-17,True,2026-03-22T13:18:47.913501+00:00
6e92d8a7-5005-4996-a437-acb288c9fd82,07045997-c1ad-4542-921b-950ab12bf9da,2026-03-18,True,2026-03-22T13:18:47.913507+00:00
44880ba4-cc0a-431c-b3e9-7f6263a054e4,07045997-c1ad-4542-921b-950ab12bf9da,2026-03-19,True,2026-03-22T13:18:47.913514+00:00
4a763dc8-b2e6-4681-a698-189a7a108745,07045997-c1ad-4542-921b-950ab12bf9da,2026-03-20,True,2026-03-22T13:18:47.913519+00:00
0440be73-7710-4035-b31a-f95f1e733324,07045997-c1ad-4542-921b-950ab12bf9da,2026-03-21,True,2026-03-22T13:18:47.913524+00:00
4e16f7c3-d6e9-4b2f-b08e-2d17f072c18d,31010627-d49c-4d4c-b4e2-8a17f082c7e2,2026-01-02,True,2026-03-22T13:18:47.913530+00:00
5526d2aa-f8e5-4e0c-b975-2693477f0321,31010627-d49c-4d4c-b4e2-8a17f082c7e2,2026-01-03,True,2026-03-22T13:18:47.913536+00:00
9638159f-a1fa-48ad-8c75-fa8448abde88,31010627-d49c-4d4c-b4e2-8a17f082c7e2,2026-01-05,True,2026-03-22T13:18:47.913541+00:00
574cd356-44d7-42c4-98c9-331b71786733,31010627-d49c-4d4c-b4e2-8a17f082c7e2,2026-01-06,True,2026-03-22T13:18:47.913547+00:00
33b0ffc4-9436-4a56-9d61-d6b1209c12a4,31010627-d49c-4d4c-b4e2-8a17f082c7e2,2026-01-08,True,2026-03-22T13:18:47.913552+00:00
87e3988f-9cdd-48e4-87ef-dde51fe4b774,31010627-d49c-4d4c-b4e2-8a17f082c7e2,2026-01-09,True,2026-03-22T13:18:47.913557+00:00
a182826a-239c-4c16-86f9-924b972bfcb4,31010627-d49c-4d4c-b4e2-8a17f082c7e2,2026-01-10,True,2026-03-22T13:18:47.913563+00:00
236b6bca-abf5-4f53-9779-2bcd34c087f3,31010627-d49c-4d4c-b4e2-8a17f082c7e2,2026-01-11,True,2026-03-22T13:18:47.913568+00:00
87f64aed-66d4-4aea-b328-12d2aa1bea42,31010627-d49c-4d4c-b4e2-8a17f082c7e2,2026-01-12,True,2026-03-22T13:18:47.913574+00:00
5d01a6c8-76b1-4902-a690-2d1f9d5e4f03,31010627-d49c-4d4c-b4e2-8a17f082c7e2,2026-01-14,True,2026-03-22T13:18:47.913579+00:00
4ad57c29-0f95-40f9-9646-c7ecf766637c,31010627-d49c-4d4c-b4e2-8a17f082c7e2,2026-01-18,True,2026-03-22T13:18:47.913585+00:00
0634a509-f6f2-4561-b1ce-7fd16449922a,31010627-d49c-4d4c-b4e2-8a17f082c7e2,2026-01-20,True,2026-03-22T13:18:47.913596+00:00
4456a42d-45ac-4ba7-a1c4-f46ed8f4a295,31010627-d49c-4d4c-b4e2-8a17f082c7e2,2026-01-21,True,2026-03-22T13:18:47.913601+00:00
3b82de6f-0055-4817-8bc4-e9a2bd1e576b,31010627-d49c-4d4c-b4e2-8a17f082c7e2,2026-01-22,True,2026-03-22T13:18:47.913607+00:00
0b9dc720-cea9-4231-9289-b06fe1dc045c,31010627-d49c-4d4c-b4e2-8a17f082c7e2,2026-01-26,True,2026-03-22T13:18:47.913612+00:00
5f187440-3d73-452e-89a9-f1962641995f,31010627-d49c-4d4c-b4e2-8a17f082c7e2,2026-01-27,True,2026-03-22T13:18:47.913618+00:00
e62e72c2-9a3a-4273-9480-b7ac596ae99e,31010627-d49c-4d4c-b4e2-8a17f082c7e2,2026-01-28,True,2026-03-22T13:18:47.913624+00:00
eddcc69e-788d-4494-bef8-c3d2ba0bb5c4,31010627-d49c-4d4c-b4e2-8a17f082c7e2,2026-01-29,True,2026-03-22T13:18:47.913630+00:00
31d44bac-581f-4785-86eb-0927c490712e,31010627-d49c-4d4c-b4e2-8a17f082c7e2,2026-01-30,True,2026-03-22T13:18:47.913635+00:00
2d54fe34-6d35-494e-870d-510fa17f7c42,31010627-d49c-4d4c-b4e2-8a17f082c7e2,2026-01-31,True,2026-03-22T13:18:47.913641+00:00
5984b192-c8d6-43dd-a8f5-a4987ff0fe25,31010627-d49c-4d4c-b4e2-8a17f082c7e2,2026-02-03,True,2026-03-22T13:18:47.913647+00:00
e9148e2c-e28f-46f3-8bde-094b5aa10181,31010627-d49c-4d4c-b4e2-8a17f082c7e2,2026-02-05,True,2026-03-22T13:18:47.913653+00:00
d5315739-65a0-40f6-a2e1-18f213b9ffac,31010627-d49c-4d4c-b4e2-8a17f082c7e2,2026-02-06,True,2026-03-22T13:18:47.913658+00:00
ff8e4faf-59cf-446d-9240-4dc3b5f13cf8,31010627-d49c-4d4c-b4e2-8a17f082c7e2,2026-02-09,True,2026-03-22T13:18:47.913665+00:00
1611dfd4-d9d6-4074-a465-df4d8b1d62af,31010627-d49c-4d4c-b4e2-8a17f082c7e2,2026-02-10,True,2026-03-22T13:18:47.913670+00:00
1a82aa21-ca9c-4a4a-b28e-fea87ac8924d,31010627-d49c-4d4c-b4e2-8a17f082c7e2,2026-02-11,True,2026-03-22T13:18:47.913676+00:00
7beb3fd9-8a77-4844-80e0-33c7f12aadc7,31010627-d49c-4d4c-b4e2-8a17f082c7e2,2026-02-12,True,2026-03-22T13:18:47.913681+00:00
b24a1ad4-6645-4f29-aabc-9afe89ede8b8,31010627-d49c-4d4c-b4e2-8a17f082c7e2,2026-02-13,True,2026-03-22T13:18:47.913686+00:00
d4db049e-3069-49de-b17d-e3c9027a0d06,31010627-d49c-4d4c-b4e2-8a17f082c7e2,2026-02-14,True,2026-03-22T13:18:47.913691+00:00
d919f482-a9e4-483a-bd59-97d4fc7e7f2e,31010627-d49c-4d4c-b4e2-8a17f082c7e2,2026-02-15,True,2026-03-22T13:18:47.913697+00:00
eb62de01-2562-4edd-95e8-aff8554debf3,31010627-d49c-4d4c-b4e2-8a17f082c7e2,2026-02-17,True,2026-03-22T13:18:47.913702+00:00
c197c4b2-afe1-4883-bf90-bed626f55f0e,31010627-d49c-4d4c-b4e2-8a17f082c7e2,2026-02-18,True,2026-03-22T13:18:47.913707+00:00
cf08bb6c-f2b8-4fc1-af0b-f974e6adaf9b,31010627-d49c-4d4c-b4e2-8a17f082c7e2,2026-02-19,True,2026-03-22T13:18:47.913713+00:00
8413dedb-9150-4619-bdf2-45e29ecefc2f,31010627-d49c-4d4c-b4e2-8a17f082c7e2,2026-02-20,True,2026-03-22T13:18:47.913718+00:00
a903ae0c-beed-4728-b123-a7f84963a8e3,31010627-d49c-4d4c-b4e2-8a17f082c7e2,2026-02-21,True,2026-03-22T13:18:47.913724+00:00
a5493716-531a-4e3e-a010-9c1a09e2c611,31010627-d49c-4d4c-b4e2-8a17f082c7e2,2026-02-25,True,2026-03-22T13:18:47.913729+00:00
3c840cfa-f13b-4d28-a9cc-fb66514641cc,31010627-d49c-4d4c-b4e2-8a17f082c7e2,2026-02-26,True,2026-03-22T13:18:47.913734+00:00
816ecd0e-62d3-4892-a86b-73a21a0ea0e0,31010627-d49c-4d4c-b4e2-8a17f082c7e2,2026-02-27,True,2026-03-22T13:18:47.913741+00:00
cbb59a8e-974a-4d38-9b67-7e6d014271d5,31010627-d49c-4d4c-b4e2-8a17f082c7e2,2026-02-28,True,2026-03-22T13:18:47.913746+00:00
7bf5899b-eb7a-4bd1-9c00-7d48e1a88f92,31010627-d49c-4d4c-b4e2-8a17f082c7e2,2026-03-01,True,2026-03-22T13:18:47.913752+00:00
b7349df7-bbb0-416d-b27f-3b60872fc040,31010627-d49c-4d4c-b4e2-8a17f082c7e2,2026-03-02,True,2026-03-22T13:18:47.913757+00:00
dbde1c2f-1258-49e6-95d7-7c7b720ba237,31010627-d49c-4d4c-b4e2-8a17f082c7e2,2026-03-03,True,2026-03-22T13:18:47.913762+00:00
fdff4f00-ea49-4dd3-a644-055bee39561e,31010627-d49c-4d4c-b4e2-8a17f082c7e2,2026-03-04,True,2026-03-22T13:18:47.913768+00:00
4255fb9a-646a-4fa3-81f7-874b986a2ab4,31010627-d49c-4d4c-b4e2-8a17f082c7e2,2026-03-05,True,2026-03-22T13:18:47.913773+00:00
000f17c6-53eb-45a8-9c4e-cbdbe165896c,31010627-d49c-4d4c-b4e2-8a17f082c7e2,2026-03-06,True,2026-03-22T13:18:47.913779+00:00
e5631d7a-6cd5-4de1-911b-912f36d2aedb,31010627-d49c-4d4c-b4e2-8a17f082c7e2,2026-03-07,True,2026-03-22T13:18:47.913784+00:00
943beda7-a920-400f-86e9-2974791428ec,31010627-d49c-4d4c-b4e2-8a17f082c7e2,2026-03-09,True,2026-03-22T13:18:47.913790+00:00
10d52a65-2ba9-4894-97f6-de98f10cd2b8,31010627-d49c-4d4c-b4e2-8a17f082c7e2,2026-03-10,True,2026-03-22T13:18:47.913795+00:00
c7535168-438d-4633-bf3c-3d72e1d31d34,31010627-d49c-4d4c-b4e2-8a17f082c7e2,2026-03-11,True,2026-03-22T13:18:47.913800+00:00
d2c789a1-afd5-4b77-b94a-58e69ad0fd35,31010627-d49c-4d4c-b4e2-8a17f082c7e2,2026-03-12,True,2026-03-22T13:18:47.913806+00:00
236a6171-2b29-47bb-ab27-bccf32b3adf7,31010627-d49c-4d4c-b4e2-8a17f082c7e2,2026-03-13,True,2026-03-22T13:18:47.913811+00:00
86610d22-a646-4980-8d77-cd3a5faf2a81,31010627-d49c-4d4c-b4e2-8a17f082c7e2,2026-03-14,True,2026-03-22T13:18:47.913818+00:00
3d157038-fd03-4ede-9300-4006549a466a,31010627-d49c-4d4c-b4e2-8a17f082c7e2,2026-03-15,True,2026-03-22T13:18:47.913824+00:00
a0a63080-c5fd-46f5-9884-a0ce491b731a,31010627-d49c-4d4c-b4e2-8a17f082c7e2,2026-03-17,True,2026-03-22T13:18:47.913829+00:00
2da4eb31-7197-4d90-881d-7e6f4d631e01,31010627-d49c-4d4c-b4e2-8a17f082c7e2,2026-03-18,True,2026-03-22T13:18:47.913835+00:00
6e8ac6ad-e111-4133-b840-3a19a4980182,76b48f98-579c-4d8f-ba6d-600d0cad178b,2026-01-01,True,2026-03-22T13:18:47.913841+00:00
8ec7f763-5498-4bfb-88e5-0fb3fdeae38d,76b48f98-579c-4d8f-ba6d-600d0cad178b,2026-01-02,True,2026-03-22T13:18:47.913846+00:00
d584ea8a-01ad-4861-a6b8-13c1943c1882,76b48f98-579c-4d8f-ba6d-600d0cad178b,2026-01-03,True,2026-03-22T13:18:47.913851+00:00
86ebcb07-5e1f-4de1-8485-d0fd348724cc,76b48f98-579c-4d8f-ba6d-600d0cad178b,2026-01-04,True,2026-03-22T13:18:47.913857+00:00
bf0e7ee8-5343-4a78-8456-7f8f7ae1e6f8,76b48f98-579c-4d8f-ba6d-600d0cad178b,2026-01-05,True,2026-03-22T13:18:47.913863+00:00
82a7b55f-1827-4c5f-ae9a-17d6316b0716,76b48f98-579c-4d8f-ba6d-600d0cad178b,2026-01-06,True,2026-03-22T13:18:47.913868+00:00
7a38c244-fe04-40a0-83aa-294081c02cc2,76b48f98-579c-4d8f-ba6d-600d0cad178b,2026-01-07,True,2026-03-22T13:18:47.913874+00:00
7a22ba30-b9e8-409a-9dd8-04a03e2ff517,76b48f98-579c-4d8f-ba6d-600d0cad178b,2026-01-08,True,2026-03-22T13:18:47.913879+00:00
a1737a46-2f14-4bcb-a8b2-382033a36150,76b48f98-579c-4d8f-ba6d-600d0cad178b,2026-01-09,True,2026-03-22T13:18:47.913885+00:00
db83acda-f403-4716-ae60-23ee90ec9b2b,76b48f98-579c-4d8f-ba6d-600d0cad178b,2026-01-10,True,2026-03-22T13:18:47.913890+00:00
3bf7eb45-649d-4170-83d5-11a93b081e51,76b48f98-579c-4d8f-ba6d-600d0cad178b,2026-01-11,True,2026-03-22T13:18:47.913895+00:00
79ed06f1-55bd-4578-b1aa-ef953f8f5365,76b48f98-579c-4d8f-ba6d-600d0cad178b,2026-01-12,True,2026-03-22T13:18:47.913901+00:00
5dbafa41-a52f-4f19-b81c-053b0a41f278,76b48f98-579c-4d8f-ba6d-600d0cad178b,2026-01-13,True,2026-03-22T13:18:47.913906+00:00
55a88524-7cf1-45ef-8e60-43451e0c98a7,76b48f98-579c-4d8f-ba6d-600d0cad178b,2026-01-14,True,2026-03-22T13:18:47.913911+00:00
cd7b42f9-ab80-4934-aae6-66920acfc1c8,76b48f98-579c-4d8f-ba6d-600d0cad178b,2026-01-15,True,2026-03-22T13:18:47.913917+00:00
50c1d78e-df82-4355-ad77-e9149599d76d,76b48f98-579c-4d8f-ba6d-600d0cad178b,2026-01-16,True,2026-03-22T13:18:47.913922+00:00
2e53799e-079a-47b3-a66a-65dc59a77fa5,76b48f98-579c-4d8f-ba6d-600d0cad178b,2026-01-17,True,2026-03-22T13:18:47.913927+00:00
a78085f3-3dbe-49d4-a1da-c3e6d0679a88,76b48f98-579c-4d8f-ba6d-600d0cad178b,2026-01-18,True,2026-03-22T13:18:47.913932+00:00
016b279d-eb0a-4e56-835b-ac35a192c1f1,76b48f98-579c-4d8f-ba6d-600d0cad178b,2026-01-19,True,2026-03-22T13:18:47.913938+00:00
576da7bc-53f7-4982-a6ad-fa52a0579f2f,76b48f98-579c-4d8f-ba6d-600d0cad178b,2026-01-20,True,2026-03-22T13:18:47.913943+00:00
b0484b43-9c00-4539-a8a7-9acb127e8d01,76b48f98-579c-4d8f-ba6d-600d0cad178b,2026-01-21,True,2026-03-22T13:18:47.913949+00:00
27827d09-b0b6-415b-bf97-717937cf07b1,76b48f98-579c-4d8f-ba6d-600d0cad178b,2026-01-23,True,2026-03-22T13:18:47.913954+00:00
1e30d068-69df-4931-bf4f-75381b0451ed,76b48f98-579c-4d8f-ba6d-600d0cad178b,2026-01-24,True,2026-03-22T13:18:47.913959+00:00
c6dd68f5-a62d-4d82-ac92-277c433a0281,76b48f98-579c-4d8f-ba6d-600d0cad178b,2026-01-25,True,2026-03-22T13:18:47.913965+00:00
037b8f79-1c0f-4f09-a850-529326cb7612,76b48f98-579c-4d8f-ba6d-600d0cad178b,2026-01-27,True,2026-03-22T13:18:47.913970+00:00
3fbf1248-fa6d-47f5-b92e-7acc70f00fa5,76b48f98-579c-4d8f-ba6d-600d0cad178b,2026-01-29,True,2026-03-22T13:18:47.913976+00:00
598d3c5d-5d72-465c-9976-47ef151820b9,76b48f98-579c-4d8f-ba6d-600d0cad178b,2026-01-30,True,2026-03-22T13:18:47.913981+00:00
c2dc75d1-490c-41b7-b370-00afcb74bdb3,76b48f98-579c-4d8f-ba6d-600d0cad178b,2026-01-31,True,2026-03-22T13:18:47.913988+00:00
11adf3c5-4098-4387-8a11-531fd2eb0d2c,76b48f98-579c-4d8f-ba6d-600d0cad178b,2026-02-03,True,2026-03-22T13:18:47.913994+00:00
4861125c-66a9-4ce8-abdd-b4fe5fd6f0c4,76b48f98-579c-4d8f-ba6d-600d0cad178b,2026-02-04,True,2026-03-22T13:18:47.914000+00:00
00b45df0-1b02-417b-a83c-ec21d40e5db0,76b48f98-579c-4d8f-ba6d-600d0cad178b,2026-02-05,True,2026-03-22T13:18:47.914008+00:00
5b926629-af30-4a35-8812-42d114fd404f,76b48f98-579c-4d8f-ba6d-600d0cad178b,2026-02-07,True,2026-03-22T13:18:47.914014+00:00
109b3caa-048f-459c-85bb-f341b1101bc9,76b48f98-579c-4d8f-ba6d-600d0cad178b,2026-02-08,True,2026-03-22T13:18:47.914019+00:00
facddf4c-b50d-4279-9a77-f74ddeb305ba,76b48f98-579c-4d8f-ba6d-600d0cad178b,2026-02-09,True,2026-03-22T13:18:47.914024+00:00
b00ef1dc-23c6-4aa9-a3eb-bd2541ea7ec8,76b48f98-579c-4d8f-ba6d-600d0cad178b,2026-02-10,True,2026-03-22T13:18:47.914029+00:00
5339759a-b81b-4c05-a066-0ccdcd26a15b,76b48f98-579c-4d8f-ba6d-600d0cad178b,2026-02-11,True,2026-03-22T13:18:47.914035+00:00
c4b2f432-6bbc-40cc-9aa5-eecd89c320ee,76b48f98-579c-4d8f-ba6d-600d0cad178b,2026-02-12,True,2026-03-22T13:18:47.914040+00:00
3d844377-cd2d-44ab-854e-552a7f1d6ab6,76b48f98-579c-4d8f-ba6d-600d0cad178b,2026-02-13,True,2026-03-22T13:18:47.914050+00:00
430e8a97-2b53-46c6-9d08-af0b757c2093,76b48f98-579c-4d8f-ba6d-600d0cad178b,2026-02-14,True,2026-03-22T13:18:47.914056+00:00
ace3bc1e-fe04-4e48-8ccf-dcac5e685a05,76b48f98-579c-4d8f-ba6d-600d0cad178b,2026-02-15,True,2026-03-22T13:18:47.914061+00:00
7ed8008f-b521-47d3-9153-ccdf7800d466,76b48f98-579c-4d8f-ba6d-600d0cad178b,2026-02-16,True,2026-03-22T13:18:47.914067+00:00
9339bdf7-bc75-4794-bdee-e33d4d44025f,76b48f98-579c-4d8f-ba6d-600d0cad178b,2026-02-17,True,2026-03-22T13:18:47.914072+00:00
5ac39e0e-554e-418b-a17c-12826c4ec5ba,76b48f98-579c-4d8f-ba6d-600d0cad178b,2026-02-18,True,2026-03-22T13:18:47.914077+00:00
e07a2e4b-31eb-4cad-9aed-89b0e85d79ac,76b48f98-579c-4d8f-ba6d-600d0cad178b,2026-02-19,True,2026-03-22T13:18:47.914083+00:00
c91b166d-c2d1-4540-b6d7-5af1d5b3ea5a,76b48f98-579c-4d8f-ba6d-600d0cad178b,2026-02-20,True,2026-03-22T13:18:47.914088+00:00
d57f8b00-013a-4293-8747-159a71a0670e,76b48f98-579c-4d8f-ba6d-600d0cad178b,2026-02-21,True,2026-03-22T13:18:47.914094+00:00
3841eb2b-2a36-463a-911b-d248e49e29c3,76b48f98-579c-4d8f-ba6d-600d0cad178b,2026-02-22,True,2026-03-22T13:18:47.914100+00:00
2a839b21-9cc3-4bb7-ab9c-54dca46a1021,76b48f98-579c-4d8f-ba6d-600d0cad178b,2026-02-24,True,2026-03-22T13:18:47.914106+00:00
a5e0b82f-01d5-4d85-ab88-178ef511febb,76b48f98-579c-4d8f-ba6d-600d0cad178b,2026-02-25,True,2026-03-22T13:18:47.914111+00:00
5949d646-8fd8-4eb4-8850-0f6fa5366e94,76b48f98-579c-4d8f-ba6d-600d0cad178b,2026-02-26,True,2026-03-22T13:18:47.914117+00:00
38fb4d65-577f-4438-a9d0-64a19cd464e9,76b48f98-579c-4d8f-ba6d-600d0cad178b,2026-02-27,True,2026-03-22T13:18:47.914122+00:00
6cf566d5-97c4-4c0c-8467-3db860c5815d,76b48f98-579c-4d8f-ba6d-600d0cad178b,2026-02-28,True,2026-03-22T13:18:47.914127+00:00
5e9a0285-fb94-4e68-aa0d-f06aace95bd4,76b48f98-579c-4d8f-ba6d-600d0cad178b,2026-03-01,True,2026-03-22T13:18:47.914133+00:00
d8ec647c-1f0c-4e6d-93d8-6780d9109591,76b48f98-579c-4d8f-ba6d-600d0cad178b,2026-03-02,True,2026-03-22T13:18:47.914138+00:00
2c1569aa-64f7-4d7b-bc76-67344921a63a,76b48f98-579c-4d8f-ba6d-600d0cad178b,2026-03-04,True,2026-03-22T13:18:47.914144+00:00
050ec152-c4d9-4f3f-af2b-f72be7d9d56e,76b48f98-579c-4d8f-ba6d-600d0cad178b,2026-03-06,True,2026-03-22T13:18:47.914149+00:00
11bd51fe-9088-4290-b315-b14f4beb4e2e,76b48f98-579c-4d8f-ba6d-600d0cad178b,2026-03-07,True,2026-03-22T13:18:47.914154+00:00
8a6a1842-dbf8-4357-9dbc-f6a6a29a47e0,76b48f98-579c-4d8f-ba6d-600d0cad178b,2026-03-08,True,2026-03-22T13:18:47.914160+00:00
3dfe0cce-9774-4f58-964c-6f5768651dee,76b48f98-579c-4d8f-ba6d-600d0cad178b,2026-03-09,True,2026-03-22T13:18:47.914165+00:00
2c6a0756-2b29-4fc4-b10f-2f0aa2519a19,76b48f98-579c-4d8f-ba6d-600d0cad178b,2026-03-10,True,2026-03-22T13:18:47.914172+00:00
8afec66b-3084-4751-8b47-4a08a9613835,76b48f98-579c-4d8f-ba6d-600d0cad178b,2026-03-11,True,2026-03-22T13:18:47.914178+00:00
234def83-e299-458d-8170-963baf96d9e4,76b48f98-579c-4d8f-ba6d-600d0cad178b,2026-03-12,True,2026-03-22T13:18:47.914184+00:00
bab83805-e460-4520-870f-4aa02a1bb830,76b48f98-579c-4d8f-ba6d-600d0cad178b,2026-03-13,True,2026-03-22T13:18:47.914189+00:00
e9afebd6-1805-41ac-b3a0-9d3e1ca56ac3,76b48f98-579c-4d8f-ba6d-600d0cad178b,2026-03-16,True,2026-03-22T13:18:47.914195+00:00
26ee4a53-e65c-4e7b-bb42-d7dbcd38bca8,76b48f98-579c-4d8f-ba6d-600d0cad178b,2026-03-17,True,2026-03-22T13:18:47.914200+00:00
a732e5f0-f087-40d5-9a39-903207488b4d,76b48f98-579c-4d8f-ba6d-600d0cad178b,2026-03-18,True,2026-03-22T13:18:47.914205+00:00
d2d50d76-a4d5-4e7b-a2f3-47e4ea0a706a,76b48f98-579c-4d8f-ba6d-600d0cad178b,2026-03-19,True,2026-03-22T13:18:47.914211+00:00
c09a42ec-1ec3-4086-a047-d658ee599db4,76b48f98-579c-4d8f-ba6d-600d0cad178b,2026-03-21,True,2026-03-22T13:18:47.914217+00:00
e6fb48c4-c728-4073-882a-513e767263f8,0f73429e-b6d2-4585-bfb5-c94b8dbdee33,2026-01-02,True,2026-03-22T13:18:47.914223+00:00
39deec9c-a048-4040-be2d-46ca1934ff86,0f73429e-b6d2-4585-bfb5-c94b8dbdee33,2026-01-03,True,2026-03-22T13:18:47.914229+00:00
bb69ef82-8e5b-42a8-8963-5e6f7dda3b0b,0f73429e-b6d2-4585-bfb5-c94b8dbdee33,2026-01-05,True,2026-03-22T13:18:47.914234+00:00
ea84505b-cf3c-4d6f-b8b2-b5f733963da1,0f73429e-b6d2-4585-bfb5-c94b8dbdee33,2026-01-06,True,2026-03-22T13:18:47.914239+00:00
475afacc-5ce6-428b-8cc0-c4f5e896ec6f,0f73429e-b6d2-4585-bfb5-c94b8dbdee33,2026-01-08,True,2026-03-22T13:18:47.914245+00:00
80b1dbc3-ddf4-468e-bdef-18c1e2d13137,0f73429e-b6d2-4585-bfb5-c94b8dbdee33,2026-01-09,True,2026-03-22T13:18:47.914250+00:00
f5e74719-56b6-4baf-a09e-065fca3450a6,0f73429e-b6d2-4585-bfb5-c94b8dbdee33,2026-01-11,True,2026-03-22T13:18:47.914256+00:00
9ff84a81-f8d7-4b8f-8340-611f562c35bb,0f73429e-b6d2-4585-bfb5-c94b8dbdee33,2026-01-14,True,2026-03-22T13:18:47.914261+00:00
964b8fb2-202f-491b-8e3c-aead67f5ca53,0f73429e-b6d2-4585-bfb5-c94b8dbdee33,2026-01-15,True,2026-03-22T13:18:47.914267+00:00
8017700c-7615-46db-8b3b-fe6ae7123dd4,0f73429e-b6d2-4585-bfb5-c94b8dbdee33,2026-01-16,True,2026-03-22T13:18:47.914272+00:00
36910a1f-a7ab-44c5-b8b1-235e45e358f5,0f73429e-b6d2-4585-bfb5-c94b8dbdee33,2026-01-18,True,2026-03-22T13:18:47.914277+00:00
898c1567-4a92-4097-8590-b45431b8422a,0f73429e-b6d2-4585-bfb5-c94b8dbdee33,2026-01-21,True,2026-03-22T13:18:47.914283+00:00
60a8136c-a604-470e-8fa1-1db59f3b8589,0f73429e-b6d2-4585-bfb5-c94b8dbdee33,2026-01-22,True,2026-03-22T13:18:47.914288+00:00
21722cad-bda5-4b75-85f0-89fdd8395dc4,0f73429e-b6d2-4585-bfb5-c94b8dbdee33,2026-01-23,True,2026-03-22T13:18:47.914294+00:00
f28607df-bde3-4dd5-afb3-96e5ac1434c8,0f73429e-b6d2-4585-bfb5-c94b8dbdee33,2026-01-24,True,2026-03-22T13:18:47.914299+00:00
780d1ae0-083c-485c-93eb-186262129aca,0f73429e-b6d2-4585-bfb5-c94b8dbdee33,2026-01-25,True,2026-03-22T13:18:47.914304+00:00
0db6c5be-16f4-48c5-b9f5-a499432cbd74,0f73429e-b6d2-4585-bfb5-c94b8dbdee33,2026-01-26,True,2026-03-22T13:18:47.914310+00:00
959e7c1b-cd59-4a4b-80bb-d0abf2843a19,0f73429e-b6d2-4585-bfb5-c94b8dbdee33,2026-01-27,True,2026-03-22T13:18:47.914315+00:00
7040584b-cdf1-4cf6-8fdc-9880cbcf4cf8,0f73429e-b6d2-4585-bfb5-c94b8dbdee33,2026-01-29,True,2026-03-22T13:18:47.914321+00:00
24b9a3d5-d324-4fc3-910f-ede6ee5c6ab1,0f73429e-b6d2-4585-bfb5-c94b8dbdee33,2026-01-30,True,2026-03-22T13:18:47.914326+00:00
892596d6-ff2a-4af9-ae8c-998bbb89a443,0f73429e-b6d2-4585-bfb5-c94b8dbdee33,2026-01-31,True,2026-03-22T13:18:47.914331+00:00
53215910-a6b0-4a21-8f3c-6606475bfbdf,0f73429e-b6d2-4585-bfb5-c94b8dbdee33,2026-02-01,True,2026-03-22T13:18:47.914338+00:00
1c4b1694-15e0-491e-bd5c-2ecce0b6cefb,0f73429e-b6d2-4585-bfb5-c94b8dbdee33,2026-02-02,True,2026-03-22T13:18:47.914344+00:00
5bf90ac8-8360-4ee0-9fde-d152d84eb426,0f73429e-b6d2-4585-bfb5-c94b8dbdee33,2026-02-03,True,2026-03-22T13:18:47.914350+00:00
a606cb41-11ca-4228-a97f-d48dab8b9104,0f73429e-b6d2-4585-bfb5-c94b8dbdee33,2026-02-05,True,2026-03-22T13:18:47.914356+00:00
48008bc3-4fff-49e9-8b7b-ca575dfde4f2,0f73429e-b6d2-4585-bfb5-c94b8dbdee33,2026-02-06,True,2026-03-22T13:18:47.914361+00:00
17606e9f-8d03-4939-b531-ed95f654adea,0f73429e-b6d2-4585-bfb5-c94b8dbdee33,2026-02-07,True,2026-03-22T13:18:47.914367+00:00
84454530-b8b5-4f99-bd3c-a4e62c89b93a,0f73429e-b6d2-4585-bfb5-c94b8dbdee33,2026-02-09,True,2026-03-22T13:18:47.914373+00:00
dd4dd0d5-4fd9-45b4-baa4-30cf6110f370,0f73429e-b6d2-4585-bfb5-c94b8dbdee33,2026-02-12,True,2026-03-22T13:18:47.914379+00:00
cc218a5c-0932-49fe-9451-d395d8b46bae,0f73429e-b6d2-4585-bfb5-c94b8dbdee33,2026-02-13,True,2026-03-22T13:18:47.914384+00:00
9c5dc590-b26d-4312-a757-04895db8d987,0f73429e-b6d2-4585-bfb5-c94b8dbdee33,2026-02-14,True,2026-03-22T13:18:47.914390+00:00
f09be1f5-e42b-45fb-988e-8554fb76525f,0f73429e-b6d2-4585-bfb5-c94b8dbdee33,2026-02-15,True,2026-03-22T13:18:47.914395+00:00
c90f8a58-258a-42c1-afb2-fbe81441320c,0f73429e-b6d2-4585-bfb5-c94b8dbdee33,2026-02-18,True,2026-03-22T13:18:47.914400+00:00
7eaeee47-3ed1-481b-a7a3-bd4dd4cbf6e5,0f73429e-b6d2-4585-bfb5-c94b8dbdee33,2026-02-20,True,2026-03-22T13:18:47.914406+00:00
b87bfe2d-7671-4044-b7e2-3037a062a282,0f73429e-b6d2-4585-bfb5-c94b8dbdee33,2026-02-23,True,2026-03-22T13:18:47.914411+00:00
8374888a-b579-4550-8768-aaa91ee11b7d,0f73429e-b6d2-4585-bfb5-c94b8dbdee33,2026-02-24,True,2026-03-22T13:18:47.914416+00:00
e7ae1701-b797-4ff9-a8d9-c30f93a77f4a,0f73429e-b6d2-4585-bfb5-c94b8dbdee33,2026-02-28,True,2026-03-22T13:18:47.914422+00:00
026efe7d-94a7-4d0a-a16c-025b35c126da,0f73429e-b6d2-4585-bfb5-c94b8dbdee33,2026-03-01,True,2026-03-22T13:18:47.914428+00:00
8a73100d-3056-4c44-a003-2cec6c8fe861,0f73429e-b6d2-4585-bfb5-c94b8dbdee33,2026-03-02,True,2026-03-22T13:18:47.914433+00:00
d316388c-b00d-449e-9f01-25dc7e46cebf,0f73429e-b6d2-4585-bfb5-c94b8dbdee33,2026-03-03,True,2026-03-22T13:18:47.914438+00:00
8d59c24d-dcab-4983-81ad-5dcfd81e0af5,0f73429e-b6d2-4585-bfb5-c94b8dbdee33,2026-03-04,True,2026-03-22T13:18:47.914444+00:00
68d03c5f-bf71-42d6-b61d-0bda7c861d0f,0f73429e-b6d2-4585-bfb5-c94b8dbdee33,2026-03-05,True,2026-03-22T13:18:47.914449+00:00
76d53b78-57a3-4380-a7cb-ded48d316eb0,0f73429e-b6d2-4585-bfb5-c94b8dbdee33,2026-03-07,True,2026-03-22T13:18:47.914455+00:00
b634dae7-29a5-4919-91a4-24c19025cd88,0f73429e-b6d2-4585-bfb5-c94b8dbdee33,2026-03-09,True,2026-03-22T13:18:47.914460+00:00
5ef95718-4ae5-4196-b5c9-4a0df5268fc9,0f73429e-b6d2-4585-bfb5-c94b8dbdee33,2026-03-11,True,2026-03-22T13:18:47.914467+00:00
ecb27e49-bcd7-4970-a93a-050a2c4ffef2,0f73429e-b6d2-4585-bfb5-c94b8dbdee33,2026-03-13,True,2026-03-22T13:18:47.914472+00:00
32b051fd-416a-4f80-8396-df61de2d3cd4,0f73429e-b6d2-4585-bfb5-c94b8dbdee33,2026-03-15,True,2026-03-22T13:18:47.914477+00:00
0477754a-cfb5-444a-9e61-4a849745a046,0f73429e-b6d2-4585-bfb5-c94b8dbdee33,2026-03-16,True,2026-03-22T13:18:47.914483+00:00
bd3d4b4f-beba-4e49-ad80-11f0f0160c1c,0f73429e-b6d2-4585-bfb5-c94b8dbdee33,2026-03-19,True,2026-03-22T13:18:47.914488+00:00
66115ab6-8ecd-4a62-b83b-31428a664b39,0f73429e-b6d2-4585-bfb5-c94b8dbdee33,2026-03-21,True,2026-03-22T13:18:47.914494+00:00
8758999c-e87e-4a91-b940-bc78c01a54f7,8221e4c3-297d-46f9-9ca4-5bc3b66d4ac9,2026-01-03,True,2026-03-22T13:18:47.914500+00:00
11831e59-83be-4b3d-94b3-7ba4571944df,8221e4c3-297d-46f9-9ca4-5bc3b66d4ac9,2026-01-04,True,2026-03-22T13:18:47.914505+00:00
e5411be5-b163-476b-a19a-26fcd03c191d,8221e4c3-297d-46f9-9ca4-5bc3b66d4ac9,2026-01-05,True,2026-03-22T13:18:47.914511+00:00
51e0fac1-e82a-41bc-9a2f-0b3dbbe9fff5,8221e4c3-297d-46f9-9ca4-5bc3b66d4ac9,2026-01-07,True,2026-03-22T13:18:47.914516+00:00
1a373597-d3bf-428d-81a9-27f868b6fbc0,8221e4c3-297d-46f9-9ca4-5bc3b66d4ac9,2026-01-08,True,2026-03-22T13:18:47.914521+00:00
577955fe-35fb-4221-ad9a-ad580bdd932c,8221e4c3-297d-46f9-9ca4-5bc3b66d4ac9,2026-01-09,True,2026-03-22T13:18:47.914528+00:00
bf80adc1-cab3-41cc-bfd8-c3ba1923dbfd,8221e4c3-297d-46f9-9ca4-5bc3b66d4ac9,2026-01-10,True,2026-03-22T13:18:47.914535+00:00
b7490bb6-8435-4d21-a3b6-4269574ab7b4,8221e4c3-297d-46f9-9ca4-5bc3b66d4ac9,2026-01-11,True,2026-03-22T13:18:47.914540+00:00
8f749624-a484-43e9-a883-dec73aeb62ae,8221e4c3-297d-46f9-9ca4-5bc3b66d4ac9,2026-01-12,True,2026-03-22T13:18:47.914546+00:00
05d834d2-b521-4df3-879a-836ead92f882,8221e4c3-297d-46f9-9ca4-5bc3b66d4ac9,2026-01-13,True,2026-03-22T13:18:47.914551+00:00
0fec9936-1c55-4a1d-9fae-aadf7c27e138,8221e4c3-297d-46f9-9ca4-5bc3b66d4ac9,2026-01-14,True,2026-03-22T13:18:47.914557+00:00
3f0f26ac-4d2d-47d3-8546-72ff11b7b4ab,8221e4c3-297d-46f9-9ca4-5bc3b66d4ac9,2026-01-15,True,2026-03-22T13:18:47.914562+00:00
3d4961a9-e8a3-4e57-9c32-1ed522e8c192,8221e4c3-297d-46f9-9ca4-5bc3b66d4ac9,2026-01-16,True,2026-03-22T13:18:47.914567+00:00
8c43f9c9-7700-4360-8a06-a3d01ff95ddd,8221e4c3-297d-46f9-9ca4-5bc3b66d4ac9,2026-01-17,True,2026-03-22T13:18:47.914574+00:00
a7b0c988-3c6e-48a1-a568-1de509248210,8221e4c3-297d-46f9-9ca4-5bc3b66d4ac9,2026-01-18,True,2026-03-22T13:18:47.914579+00:00
4afa1171-62de-4e85-8b1a-532eca0b09af,8221e4c3-297d-46f9-9ca4-5bc3b66d4ac9,2026-01-20,True,2026-03-22T13:18:47.914584+00:00
9edcc037-e879-4209-9ad3-77f7dab7ee6f,8221e4c3-297d-46f9-9ca4-5bc3b66d4ac9,2026-01-22,True,2026-03-22T13:18:47.914609+00:00
524b91d4-8f05-432b-b914-f5f6bf3bda28,8221e4c3-297d-46f9-9ca4-5bc3b66d4ac9,2026-01-23,True,2026-03-22T13:18:47.914614+00:00
5a9842b1-8c52-4e11-b8bf-fc1bddf0ba71,8221e4c3-297d-46f9-9ca4-5bc3b66d4ac9,2026-01-24,True,2026-03-22T13:18:47.914620+00:00
27ef8c7d-f7b1-45d2-80a3-2c1b4b1f57cb,8221e4c3-297d-46f9-9ca4-5bc3b66d4ac9,2026-01-25,True,2026-03-22T13:18:47.914625+00:00
7a6f053f-79f1-4fc0-8e8e-86fab51486ad,8221e4c3-297d-46f9-9ca4-5bc3b66d4ac9,2026-01-26,True,2026-03-22T13:18:47.914631+00:00
7a320996-d7a8-489e-8bad-73064b6ebd4a,8221e4c3-297d-46f9-9ca4-5bc3b66d4ac9,2026-01-27,True,2026-03-22T13:18:47.914636+00:00
89bdd79d-1ee4-4fd2-af70-44f65ddfa0ba,8221e4c3-297d-46f9-9ca4-5bc3b66d4ac9,2026-01-28,True,2026-03-22T13:18:47.914641+00:00
585b8091-c4fc-4f3a-a70b-84b9fdf9d7ed,8221e4c3-297d-46f9-9ca4-5bc3b66d4ac9,2026-01-29,True,2026-03-22T13:18:47.914647+00:00
dce2d165-9f33-445a-be52-44658303d5b1,8221e4c3-297d-46f9-9ca4-5bc3b66d4ac9,2026-01-30,True,2026-03-22T13:18:47.914652+00:00
171f9a8a-4268-44ec-be8d-1d741acb723d,8221e4c3-297d-46f9-9ca4-5bc3b66d4ac9,2026-01-31,True,2026-03-22T13:18:47.914657+00:00
a8ec5673-6218-43f3-82ad-94adcd097d0a,8221e4c3-297d-46f9-9ca4-5bc3b66d4ac9,2026-02-01,True,2026-03-22T13:18:47.914663+00:00
fa41620c-d781-4bfd-9e48-995ef5247ebe,8221e4c3-297d-46f9-9ca4-5bc3b66d4ac9,2026-02-02,True,2026-03-22T13:18:47.914668+00:00
aba13f4c-2d3c-482e-8402-88f259f00955,8221e4c3-297d-46f9-9ca4-5bc3b66d4ac9,2026-02-03,True,2026-03-22T13:18:47.914674+00:00
057faf78-f1db-42db-91ce-2f55f50649aa,8221e4c3-297d-46f9-9ca4-5bc3b66d4ac9,2026-02-04,True,2026-03-22T13:18:47.914679+00:00
a1186393-4611-4fd1-aef7-d67c84e91e21,8221e4c3-297d-46f9-9ca4-5bc3b66d4ac9,2026-02-05,True,2026-03-22T13:18:47.914684+00:00
a7b79c4f-6483-45f1-acd2-70b39b63fe3e,8221e4c3-297d-46f9-9ca4-5bc3b66d4ac9,2026-02-06,True,2026-03-22T13:18:47.914690+00:00
997764af-5008-4a84-8ec4-87c73dc498d9,8221e4c3-297d-46f9-9ca4-5bc3b66d4ac9,2026-02-07,True,2026-03-22T13:18:47.914695+00:00
ef454a54-d03f-4f72-be71-6da56f45f1dd,8221e4c3-297d-46f9-9ca4-5bc3b66d4ac9,2026-02-08,True,2026-03-22T13:18:47.914700+00:00
80161c6d-ffa6-4904-a886-7f4d4b9ee81b,8221e4c3-297d-46f9-9ca4-5bc3b66d4ac9,2026-02-11,True,2026-03-22T13:18:47.914707+00:00
dc973060-eaea-4497-a92f-8ceec2a28157,8221e4c3-297d-46f9-9ca4-5bc3b66d4ac9,2026-02-13,True,2026-03-22T13:18:47.914712+00:00
23d5493e-30f9-48eb-824d-80cb4d019899,8221e4c3-297d-46f9-9ca4-5bc3b66d4ac9,2026-02-14,True,2026-03-22T13:18:47.914718+00:00
881c6645-b263-4eef-886c-8524c95dff6e,8221e4c3-297d-46f9-9ca4-5bc3b66d4ac9,2026-02-15,True,2026-03-22T13:18:47.914723+00:00
08834ca0-5d48-46a0-8f48-104ad89f5d52,8221e4c3-297d-46f9-9ca4-5bc3b66d4ac9,2026-02-17,True,2026-03-22T13:18:47.914730+00:00
42f7cfab-dfb1-4d48-bfde-ed60b3c4c211,8221e4c3-297d-46f9-9ca4-5bc3b66d4ac9,2026-02-18,True,2026-03-22T13:18:47.914736+00:00
b3113ef4-768f-4c52-afe4-def6c17b196a,8221e4c3-297d-46f9-9ca4-5bc3b66d4ac9,2026-02-19,True,2026-03-22T13:18:47.914742+00:00
51c0ced9-6620-4cb7-a7be-7491b837cc74,8221e4c3-297d-46f9-9ca4-5bc3b66d4ac9,2026-02-20,True,2026-03-22T13:18:47.914747+00:00
1ccd09ef-dbee-4531-b0d2-9617228456e7,8221e4c3-297d-46f9-9ca4-5bc3b66d4ac9,2026-02-23,True,2026-03-22T13:18:47.914752+00:00
0144748e-e4b6-4446-a056-6e9cd2d3c38d,8221e4c3-297d-46f9-9ca4-5bc3b66d4ac9,2026-02-25,True,2026-03-22T13:18:47.914758+00:00
4b13050e-7e2e-4407-8d7c-f0caaa8e3078,8221e4c3-297d-46f9-9ca4-5bc3b66d4ac9,2026-02-26,True,2026-03-22T13:18:47.914763+00:00
8aaffc7c-af4b-49f5-8625-fb2504ea32b5,8221e4c3-297d-46f9-9ca4-5bc3b66d4ac9,2026-02-28,True,2026-03-22T13:18:47.914769+00:00
91a1ceaa-8b64-4563-8601-f950e5889e5f,8221e4c3-297d-46f9-9ca4-5bc3b66d4ac9,2026-03-01,True,2026-03-22T13:18:47.914774+00:00
08117d2c-5908-40df-afc1-a290dcb33545,8221e4c3-297d-46f9-9ca4-5bc3b66d4ac9,2026-03-02,True,2026-03-22T13:18:47.914779+00:00
b574516c-b0f5-4172-a2c8-8e9ad2ae7475,8221e4c3-297d-46f9-9ca4-5bc3b66d4ac9,2026-03-03,True,2026-03-22T13:18:47.914785+00:00
34c97192-af09-4079-b761-bc7417d4e515,8221e4c3-297d-46f9-9ca4-5bc3b66d4ac9,2026-03-04,True,2026-03-22T13:18:47.914790+00:00
1a8f3270-c62a-4624-a57f-d7b0848d657a,8221e4c3-297d-46f9-9ca4-5bc3b66d4ac9,2026-03-06,True,2026-03-22T13:18:47.914795+00:00
7731a1dd-e93f-4243-ad28-da1d2a6f1722,8221e4c3-297d-46f9-9ca4-5bc3b66d4ac9,2026-03-09,True,2026-03-22T13:18:47.914800+00:00
f9512637-0fca-4dc0-a29d-ae3ea5e69b44,8221e4c3-297d-46f9-9ca4-5bc3b66d4ac9,2026-03-10,True,2026-03-22T13:18:47.914806+00:00
49458e62-66cf-42aa-a26a-4655c959465c,8221e4c3-297d-46f9-9ca4-5bc3b66d4ac9,2026-03-11,True,2026-03-22T13:18:47.914811+00:00
167e7e1c-d6b3-4fb9-bef4-6c277fc09ba3,8221e4c3-297d-46f9-9ca4-5bc3b66d4ac9,2026-03-13,True,2026-03-22T13:18:47.914816+00:00
38496f09-f51d-4043-b18e-6ea0f4c337ab,8221e4c3-297d-46f9-9ca4-5bc3b66d4ac9,2026-03-14,True,2026-03-22T13:18:47.914822+00:00
a99ab24a-e991-413f-bae1-2c657d728bb7,8221e4c3-297d-46f9-9ca4-5bc3b66d4ac9,2026-03-15,True,2026-03-22T13:18:47.914829+00:00
d081e612-7edd-43ed-8a87-7691ffaeee47,8221e4c3-297d-46f9-9ca4-5bc3b66d4ac9,2026-03-16,True,2026-03-22T13:18:47.914835+00:00
1c8fab42-759d-4b06-9c5e-e6794882d2fd,8221e4c3-297d-46f9-9ca4-5bc3b66d4ac9,2026-03-17,True,2026-03-22T13:18:47.914840+00:00
5ca4db12-1514-43af-bafd-530709c8994f,8221e4c3-297d-46f9-9ca4-5bc3b66d4ac9,2026-03-18,True,2026-03-22T13:18:47.914845+00:00
030b6c7f-5ae2-4163-9927-f1a85fc86ea2,8221e4c3-297d-46f9-9ca4-5bc3b66d4ac9,2026-03-21,True,2026-03-22T13:18:47.914851+00:00
285494e1-12d4-49dd-ada5-ccab095e5cc1,a6c296a2-3f28-429d-8c9a-33b4bfda36ee,2026-01-01,True,2026-03-22T13:18:47.914857+00:00
a9b6ed1a-c2ba-4fb0-8ac0-a39eb074530a,a6c296a2-3f28-429d-8c9a-33b4bfda36ee,2026-01-02,True,2026-03-22T13:18:47.914863+00:00
8daed4fb-b6d4-4cfa-9978-51d138d65f73,a6c296a2-3f28-429d-8c9a-33b4bfda36ee,2026-01-04,True,2026-03-22T13:18:47.914868+00:00
5ee5d1bd-c635-4e37-b4bc-67c602f3c86c,a6c296a2-3f28-429d-8c9a-33b4bfda36ee,2026-01-05,True,2026-03-22T13:18:47.914874+00:00
2946fdc0-c1bf-4d46-b03b-ea28d9b3d954,a6c296a2-3f28-429d-8c9a-33b4bfda36ee,2026-01-06,True,2026-03-22T13:18:47.914879+00:00
c9308446-e446-4d1d-9b23-d48c22f584a6,a6c296a2-3f28-429d-8c9a-33b4bfda36ee,2026-01-07,True,2026-03-22T13:18:47.914884+00:00
ffeeab17-8b94-4a65-a119-df86e5b7bbe9,a6c296a2-3f28-429d-8c9a-33b4bfda36ee,2026-01-08,True,2026-03-22T13:18:47.914890+00:00
90c224b2-50f6-490b-a697-1cb469a067d9,a6c296a2-3f28-429d-8c9a-33b4bfda36ee,2026-01-09,True,2026-03-22T13:18:47.914896+00:00
909c4f29-9c30-42c8-aa4b-34a5bbf03c90,a6c296a2-3f28-429d-8c9a-33b4bfda36ee,2026-01-10,True,2026-03-22T13:18:47.914902+00:00
8c590c7a-7d43-4085-a756-eb73d39e4cb6,a6c296a2-3f28-429d-8c9a-33b4bfda36ee,2026-01-11,True,2026-03-22T13:18:47.914908+00:00
6283430e-d1f1-4dca-a77d-bf066e36bb0d,a6c296a2-3f28-429d-8c9a-33b4bfda36ee,2026-01-13,True,2026-03-22T13:18:47.914914+00:00
a70edf9d-ab99-4a0a-b73a-3a9846891423,a6c296a2-3f28-429d-8c9a-33b4bfda36ee,2026-01-14,True,2026-03-22T13:18:47.914919+00:00
8edee61e-8662-4fdd-a92e-8c4af42acacc,a6c296a2-3f28-429d-8c9a-33b4bfda36ee,2026-01-17,True,2026-03-22T13:18:47.914924+00:00
f92743fa-4498-4962-9e78-97e51bb038f8,a6c296a2-3f28-429d-8c9a-33b4bfda36ee,2026-01-18,True,2026-03-22T13:18:47.914929+00:00
53e0c817-1f12-460a-b464-50e54bdee870,a6c296a2-3f28-429d-8c9a-33b4bfda36ee,2026-01-19,True,2026-03-22T13:18:47.914935+00:00
c5f1bece-aef0-44b9-84c1-2125e8153d41,a6c296a2-3f28-429d-8c9a-33b4bfda36ee,2026-01-21,True,2026-03-22T13:18:47.914940+00:00
5ccd9a75-76a2-4804-89ed-7a3a24170162,a6c296a2-3f28-429d-8c9a-33b4bfda36ee,2026-01-23,True,2026-03-22T13:18:47.914946+00:00
9f25e3f4-4571-4029-ab15-e44009d0c74c,a6c296a2-3f28-429d-8c9a-33b4bfda36ee,2026-01-25,True,2026-03-22T13:18:47.914951+00:00
78dd2f5e-baca-446a-9661-72a9bf8d3912,a6c296a2-3f28-429d-8c9a-33b4bfda36ee,2026-01-26,True,2026-03-22T13:18:47.914957+00:00
c90438a7-3e51-457b-a9c4-e373b69ea184,a6c296a2-3f28-429d-8c9a-33b4bfda36ee,2026-01-27,True,2026-03-22T13:18:47.914963+00:00
bc7e2ff2-9bf2-4377-838b-3c4bce08e1e7,a6c296a2-3f28-429d-8c9a-33b4bfda36ee,2026-01-28,True,2026-03-22T13:18:47.914968+00:00
c6f3c548-ad94-486b-9b0f-f9dd5fa5ccf6,a6c296a2-3f28-429d-8c9a-33b4bfda36ee,2026-01-30,True,2026-03-22T13:18:47.914974+00:00
2f4c7b46-c23e-411f-b494-c77f1586bcc2,a6c296a2-3f28-429d-8c9a-33b4bfda36ee,2026-01-31,True,2026-03-22T13:18:47.914979+00:00
aeab3bb1-a249-451b-a7aa-92b8824d1756,a6c296a2-3f28-429d-8c9a-33b4bfda36ee,2026-02-02,True,2026-03-22T13:18:47.914984+00:00
e8b86d3c-d0ff-4c3e-9d19-e17b2642fc68,a6c296a2-3f28-429d-8c9a-33b4bfda36ee,2026-02-03,True,2026-03-22T13:18:47.914990+00:00
5e7634a3-da55-4746-8ca5-0c9ccc06d878,a6c296a2-3f28-429d-8c9a-33b4bfda36ee,2026-02-04,True,2026-03-22T13:18:47.914996+00:00
d5491b27-5a81-46c4-88a4-2439a1916b79,a6c296a2-3f28-429d-8c9a-33b4bfda36ee,2026-02-07,True,2026-03-22T13:18:47.915001+00:00
1c8527d7-0d00-4376-a67c-3021f75628fc,a6c296a2-3f28-429d-8c9a-33b4bfda36ee,2026-02-08,True,2026-03-22T13:18:47.915007+00:00
b96773d3-b1a9-4593-8067-0bb8c606ebdd,a6c296a2-3f28-429d-8c9a-33b4bfda36ee,2026-02-11,True,2026-03-22T13:18:47.915012+00:00
150e5d70-92a0-4a3f-89fb-4a1501662b3f,a6c296a2-3f28-429d-8c9a-33b4bfda36ee,2026-02-12,True,2026-03-22T13:18:47.915017+00:00
d4f6842b-43bf-40fd-89b2-9429a8b18433,a6c296a2-3f28-429d-8c9a-33b4bfda36ee,2026-02-13,True,2026-03-22T13:18:47.915023+00:00
d04f0f16-8ed7-4bdd-b86d-0f866fa5fe39,a6c296a2-3f28-429d-8c9a-33b4bfda36ee,2026-02-16,True,2026-03-22T13:18:47.915029+00:00
d647fd06-8bbb-4e19-aef1-d16e5be6ee41,a6c296a2-3f28-429d-8c9a-33b4bfda36ee,2026-02-17,True,2026-03-22T13:18:47.915034+00:00
079970cc-0490-4f44-8dae-e30abdb404e5,a6c296a2-3f28-429d-8c9a-33b4bfda36ee,2026-02-18,True,2026-03-22T13:18:47.915040+00:00
bc188277-face-43af-a6b7-4e51d75f0e1f,a6c296a2-3f28-429d-8c9a-33b4bfda36ee,2026-02-19,True,2026-03-22T13:18:47.915049+00:00
541c70b7-474d-4ba4-8ca2-c9aa8c9d2289,a6c296a2-3f28-429d-8c9a-33b4bfda36ee,2026-02-20,True,2026-03-22T13:18:47.915055+00:00
8f8a4ad5-c9ca-47b8-98e2-952f39482032,a6c296a2-3f28-429d-8c9a-33b4bfda36ee,2026-02-21,True,2026-03-22T13:18:47.915061+00:00
68aa1e3f-7261-49ac-bb22-121c53f4b1fc,a6c296a2-3f28-429d-8c9a-33b4bfda36ee,2026-02-22,True,2026-03-22T13:18:47.915067+00:00
8dc8b1ad-c8a9-40a0-a4be-dd03eda4605b,a6c296a2-3f28-429d-8c9a-33b4bfda36ee,2026-02-23,True,2026-03-22T13:18:47.915073+00:00
78e97986-c52d-40ab-b953-52d99b1be2b1,a6c296a2-3f28-429d-8c9a-33b4bfda36ee,2026-02-24,True,2026-03-22T13:18:47.915079+00:00
2a9e4aba-86ae-4744-8391-2f8f4281bc9f,a6c296a2-3f28-429d-8c9a-33b4bfda36ee,2026-02-26,True,2026-03-22T13:18:47.915085+00:00
3d231487-7c1d-4ab4-9ef2-5f2efe08baa6,a6c296a2-3f28-429d-8c9a-33b4bfda36ee,2026-02-28,True,2026-03-22T13:18:47.915090+00:00
d7b344f1-1824-47ec-9936-541bd5e81726,a6c296a2-3f28-429d-8c9a-33b4bfda36ee,2026-03-01,True,2026-03-22T13:18:47.915096+00:00
4e04c83c-eee6-4fa9-b1fe-a4259ceb9a23,a6c296a2-3f28-429d-8c9a-33b4bfda36ee,2026-03-02,True,2026-03-22T13:18:47.915101+00:00
bdcb66ea-e49a-4bad-aa8f-a60efd2815af,a6c296a2-3f28-429d-8c9a-33b4bfda36ee,2026-03-03,True,2026-03-22T13:18:47.915108+00:00
45fdeea7-ef68-433e-8b10-35af3a2f9ad6,a6c296a2-3f28-429d-8c9a-33b4bfda36ee,2026-03-04,True,2026-03-22T13:18:47.915114+00:00
bd4d9e6f-d509-4caf-adee-21ab239f17e5,a6c296a2-3f28-429d-8c9a-33b4bfda36ee,2026-03-05,True,2026-03-22T13:18:47.915119+00:00
b0c1ee2d-3192-43d7-88b3-b0b75f53a0c0,a6c296a2-3f28-429d-8c9a-33b4bfda36ee,2026-03-06,True,2026-03-22T13:18:47.915125+00:00
cd3d2826-4bc7-4c32-9a77-8acd87f7c7ea,a6c296a2-3f28-429d-8c9a-33b4bfda36ee,2026-03-07,True,2026-03-22T13:18:47.915130+00:00
220a2224-a85f-4d37-bf94-1cc881183c0a,a6c296a2-3f28-429d-8c9a-33b4bfda36ee,2026-03-08,True,2026-03-22T13:18:47.915135+00:00
e1993e60-c27f-4a53-b414-bb808b7d29e1,a6c296a2-3f28-429d-8c9a-33b4bfda36ee,2026-03-10,True,2026-03-22T13:18:47.915141+00:00
48a844e9-3939-47f7-908f-3a106d36f6b2,a6c296a2-3f28-429d-8c9a-33b4bfda36ee,2026-03-11,True,2026-03-22T13:18:47.915146+00:00
acf32044-66ad-40a3-9da6-da66c712e9d5,a6c296a2-3f28-429d-8c9a-33b4bfda36ee,2026-03-12,True,2026-03-22T13:18:47.915151+00:00
33826c32-90f5-464d-8bba-660998bdf090,a6c296a2-3f28-429d-8c9a-33b4bfda36ee,2026-03-13,True,2026-03-22T13:18:47.915157+00:00
d1e3ffb3-0b85-4029-b894-4baa8d257447,a6c296a2-3f28-429d-8c9a-33b4bfda36ee,2026-03-14,True,2026-03-22T13:18:47.915162+00:00
90e694df-cb7f-4d35-95ee-d7e9c2120373,a6c296a2-3f28-429d-8c9a-33b4bfda36ee,2026-03-16,True,2026-03-22T13:18:47.915167+00:00
f5649485-4296-4131-8619-0f1f7d8331a3,a6c296a2-3f28-429d-8c9a-33b4bfda36ee,2026-03-17,True,2026-03-22T13:18:47.915173+00:00
4b5466bd-5b79-4070-b105-acd98ad5b356,a6c296a2-3f28-429d-8c9a-33b4bfda36ee,2026-03-18,True,2026-03-22T13:18:47.915178+00:00
b98e4ec7-554c-4efc-8a20-05e8156aaca4,a6c296a2-3f28-429d-8c9a-33b4bfda36ee,2026-03-21,True,2026-03-22T13:18:47.915185+00:00
56eabae4-03fc-4f27-81f6-c7b2debb303a,d9bad7a9-c1a2-4d1a-aab8-1db6d6b3bab1,2026-03-01,True,2026-03-22T13:21:08.018100+00:00
